{"cameraMode":{"drawMode":0,"name":"Shaded","section":"Shading Mode"},"sceneLighting":true,"audioPlay":false,"sceneViewState":{"showFog":true,"showMaterialUpdate":false,"showSkybox":true,"showFlares":true,"showImageEffects":true,"showParticleSystems":true},"in2DMode":false,"pivot":{"x":2.99066162109375,"y":3.50358247756958,"z":-4.553112506866455},"rotation":{"x":-0.11892157047986984,"y":-0.5162435173988342,"z":0.072648786008358,"w":-0.8450421690940857},"size":19.253000259399415,"orthographic":false}